id,user_id,document_type,status,reviewed_by
5bdeba60-799b-4e86-ab2f-1169d78cdff6,d66060fb-d718-40a7-911f-76c796612a7d,PROOF_OF_ADDRESS,EXPIRED,e1e6fff0-b6d8-48db-89c7-5edec811e4bb
10706533-5013-42e7-963f-bf2235e802ae,d66060fb-d718-40a7-911f-76c796612a7d,PROOF_OF_ADDRESS,PENDING,d1c2d050-cf9d-4d45-8a8e-5903abe06352
ef077590-afd3-475d-8a4c-067631209c1e,d66060fb-d718-40a7-911f-76c796612a7d,SELFIE,APPROVED,e1e6fff0-b6d8-48db-89c7-5edec811e4bb
7b12afbf-b81e-446b-a14c-f8124a1b4235,7ac4f7fa-d333-4cff-9633-6e87d1ae085b,CNIC_FRONT,EXPIRED,d1c2d050-cf9d-4d45-8a8e-5903abe06352
aa525ae9-be8e-4d20-a0fa-8ef394cdc318,7ac4f7fa-d333-4cff-9633-6e87d1ae085b,PROOF_OF_ADDRESS,PENDING,e1e6fff0-b6d8-48db-89c7-5edec811e4bb
0753cc2b-701f-4d98-9bfd-945f0161f363,a8e2d07e-d089-4bf8-aeec-c66fd86d929c,SELFIE,EXPIRED,d1c2d050-cf9d-4d45-8a8e-5903abe06352
7e209d2b-aa12-42e2-824e-d8a536180845,a8e2d07e-d089-4bf8-aeec-c66fd86d929c,PROOF_OF_ADDRESS,PENDING,e1e6fff0-b6d8-48db-89c7-5edec811e4bb
7dbeaea7-41dc-4c7a-8f21-ad9fa35f7297,a8e2d07e-d089-4bf8-aeec-c66fd86d929c,SELFIE,EXPIRED,e1e6fff0-b6d8-48db-89c7-5edec811e4bb
c16cf452-700a-4b9a-b1ca-2e8dd94ee3e3,32b8f5fa-bbde-4c6e-8ed2-36869ed0e663,PROOF_OF_ADDRESS,REJECTED,e1e6fff0-b6d8-48db-89c7-5edec811e4bb
7709baae-f03f-46c7-bad2-a93542c3e526,32b8f5fa-bbde-4c6e-8ed2-36869ed0e663,CNIC_FRONT,EXPIRED,e1e6fff0-b6d8-48db-89c7-5edec811e4bb
eb714f67-aee9-4dab-8603-54b6dad2df17,28e57c21-1f59-4661-8c57-f01cade0e762,CNIC_BACK,APPROVED,afadc17b-aeef-46bf-8e24-a9c6922da3c0
6ec58e49-8f63-4a37-9ddb-e66393c921d3,28e57c21-1f59-4661-8c57-f01cade0e762,CNIC_FRONT,EXPIRED,d1c2d050-cf9d-4d45-8a8e-5903abe06352
c024f0e4-1584-435b-8026-383eb7e99ab3,28e57c21-1f59-4661-8c57-f01cade0e762,CNIC_FRONT,UNDER_REVIEW,e1e6fff0-b6d8-48db-89c7-5edec811e4bb
3134b826-df79-4392-bbd2-da76649064d1,eaca3481-ec4e-4b61-9824-fb2f0c368f09,CNIC_FRONT,UNDER_REVIEW,d1c2d050-cf9d-4d45-8a8e-5903abe06352
524bb208-9ffd-4b59-9d8b-ff183746d32e,eaca3481-ec4e-4b61-9824-fb2f0c368f09,SELFIE,EXPIRED,afadc17b-aeef-46bf-8e24-a9c6922da3c0
b93f60f9-3e3d-4681-8314-6a87a8e903c5,6aff81ce-1c75-4e37-935e-c64cfafd17a7,PROOF_OF_ADDRESS,REJECTED,d1c2d050-cf9d-4d45-8a8e-5903abe06352
9eb33def-8df1-4832-9c10-a98b460505e0,6aff81ce-1c75-4e37-935e-c64cfafd17a7,CNIC_BACK,REJECTED,afadc17b-aeef-46bf-8e24-a9c6922da3c0
66ca888c-b630-4826-a121-edb5a4cfef7b,95f00473-6a47-498d-8838-6d8e40d46481,PROOF_OF_ADDRESS,UNDER_REVIEW,afadc17b-aeef-46bf-8e24-a9c6922da3c0
fb9a6d65-e62d-47c2-9638-aef7374d3cab,4f9ef3c9-28c6-4880-ada2-af225fb5a240,CNIC_BACK,PENDING,d1c2d050-cf9d-4d45-8a8e-5903abe06352
bf973156-48df-44d0-aebd-24ecdc09487b,4f9ef3c9-28c6-4880-ada2-af225fb5a240,PROOF_OF_ADDRESS,APPROVED,afadc17b-aeef-46bf-8e24-a9c6922da3c0
bf39adca-2c0d-4d53-a742-6b4b268581c7,4f9ef3c9-28c6-4880-ada2-af225fb5a240,SELFIE,PENDING,d1c2d050-cf9d-4d45-8a8e-5903abe06352
610e74b3-1a93-4c8d-9989-b9aa686dbd22,8ba056f6-170f-4e24-a917-e333f6ca8bb5,SELFIE,EXPIRED,afadc17b-aeef-46bf-8e24-a9c6922da3c0
ff8e389d-6c31-48b4-80e3-d8a26548953a,8ba056f6-170f-4e24-a917-e333f6ca8bb5,PROOF_OF_ADDRESS,UNDER_REVIEW,d1c2d050-cf9d-4d45-8a8e-5903abe06352
330bf02e-f281-4524-9335-ca1e328224e3,8ba056f6-170f-4e24-a917-e333f6ca8bb5,PROOF_OF_ADDRESS,APPROVED,d1c2d050-cf9d-4d45-8a8e-5903abe06352
d8fcc222-33e2-49b9-aebd-f418c934698e,09f7b0ef-bed3-4f57-bcf6-78f42e31d110,PROOF_OF_ADDRESS,REJECTED,d1c2d050-cf9d-4d45-8a8e-5903abe06352
6192c879-bf35-4973-bedc-4059311882fd,09f7b0ef-bed3-4f57-bcf6-78f42e31d110,CNIC_BACK,UNDER_REVIEW,afadc17b-aeef-46bf-8e24-a9c6922da3c0
1a0c1284-e4fe-42cb-a4f6-16d920c0ce75,09f7b0ef-bed3-4f57-bcf6-78f42e31d110,PROOF_OF_ADDRESS,UNDER_REVIEW,d1c2d050-cf9d-4d45-8a8e-5903abe06352
60269234-27fa-48df-8b9c-9d53a0e801f8,cdc1ab92-990d-4024-8bce-62fa283e652f,SELFIE,REJECTED,afadc17b-aeef-46bf-8e24-a9c6922da3c0
8bab8463-1917-444a-95e4-a34a269eefe7,c8d21efe-c5cb-487f-b885-e5d4918f370d,PROOF_OF_ADDRESS,UNDER_REVIEW,d1c2d050-cf9d-4d45-8a8e-5903abe06352
8a7b91f6-276c-421f-9485-3ac1fc6bb150,c8d21efe-c5cb-487f-b885-e5d4918f370d,CNIC_FRONT,UNDER_REVIEW,afadc17b-aeef-46bf-8e24-a9c6922da3c0
fa3963bf-67bf-404b-869f-a6165e029d79,36a18477-648e-40cd-beef-4fa882640fe3,SELFIE,PENDING,d1c2d050-cf9d-4d45-8a8e-5903abe06352
b08d09dd-66d9-4e66-bdf2-9d133bcf4c74,36a18477-648e-40cd-beef-4fa882640fe3,CNIC_FRONT,EXPIRED,d1c2d050-cf9d-4d45-8a8e-5903abe06352
7dff2b50-a894-4fdc-be04-f9453a557104,36a18477-648e-40cd-beef-4fa882640fe3,CNIC_FRONT,UNDER_REVIEW,d1c2d050-cf9d-4d45-8a8e-5903abe06352
7f16a8fc-862c-4077-af29-cab6b15dcd0f,d54415c8-33a1-4857-b739-8db360720024,CNIC_BACK,PENDING,d1c2d050-cf9d-4d45-8a8e-5903abe06352
ff55784a-13b5-406a-9b97-d3d025acc8a9,d54415c8-33a1-4857-b739-8db360720024,SELFIE,APPROVED,afadc17b-aeef-46bf-8e24-a9c6922da3c0
f9f9bd94-3233-4b7e-8da6-eca41a1fb1c5,d54415c8-33a1-4857-b739-8db360720024,PROOF_OF_ADDRESS,PENDING,d1c2d050-cf9d-4d45-8a8e-5903abe06352
2df9e063-d75b-4a4e-9f38-e98e189e4815,73912f57-bc29-4b4e-81f4-9b32d7b66aa6,PROOF_OF_ADDRESS,APPROVED,afadc17b-aeef-46bf-8e24-a9c6922da3c0
4687eeb4-85c2-4f29-a45c-36c19c2d31d3,73912f57-bc29-4b4e-81f4-9b32d7b66aa6,PROOF_OF_ADDRESS,EXPIRED,e1e6fff0-b6d8-48db-89c7-5edec811e4bb
f05bc87f-4b22-4dec-8cc9-82ca71771cb5,73912f57-bc29-4b4e-81f4-9b32d7b66aa6,CNIC_FRONT,UNDER_REVIEW,afadc17b-aeef-46bf-8e24-a9c6922da3c0
09f9d705-63eb-43ba-ac41-67d43fd6c927,511f27ce-a37a-4b77-86ce-775b73247463,SELFIE,UNDER_REVIEW,afadc17b-aeef-46bf-8e24-a9c6922da3c0
6606b05b-c902-4570-81ac-48636a4284de,511f27ce-a37a-4b77-86ce-775b73247463,CNIC_FRONT,REJECTED,e1e6fff0-b6d8-48db-89c7-5edec811e4bb
4c5c75de-37b1-42b3-9d6f-bb0d1741b923,511f27ce-a37a-4b77-86ce-775b73247463,CNIC_FRONT,REJECTED,e1e6fff0-b6d8-48db-89c7-5edec811e4bb
04fc957c-03a7-4bd4-b528-109880a0a2a6,8fbd6bdc-9d81-419a-9953-510f95aad2a5,SELFIE,PENDING,e1e6fff0-b6d8-48db-89c7-5edec811e4bb
fda4e87f-4802-40bb-abba-4cf6c1363f7e,8fbd6bdc-9d81-419a-9953-510f95aad2a5,SELFIE,PENDING,d1c2d050-cf9d-4d45-8a8e-5903abe06352
61d00cb1-f080-481f-8b6c-abe18dbf72e9,8fbd6bdc-9d81-419a-9953-510f95aad2a5,SELFIE,APPROVED,d1c2d050-cf9d-4d45-8a8e-5903abe06352
bd3c7f11-e8f2-4a6f-83a1-c994f0f17f21,b3ddac07-c369-416c-bb4e-032e15697685,CNIC_BACK,EXPIRED,d1c2d050-cf9d-4d45-8a8e-5903abe06352
4122cece-710c-4205-9e9f-e3e46a5062c1,5f783559-b6af-4250-b8c9-ef9f96e969a3,CNIC_BACK,UNDER_REVIEW,e1e6fff0-b6d8-48db-89c7-5edec811e4bb
1b87a705-e8a5-40d3-8e35-eac433460065,5f783559-b6af-4250-b8c9-ef9f96e969a3,CNIC_FRONT,EXPIRED,d1c2d050-cf9d-4d45-8a8e-5903abe06352
d43b5742-c1d7-4412-aaac-f62263ca2179,5f783559-b6af-4250-b8c9-ef9f96e969a3,CNIC_BACK,REJECTED,afadc17b-aeef-46bf-8e24-a9c6922da3c0
53b94d0f-244b-49da-a26a-bf33f3c43385,cd528400-c83c-4407-ab3d-0281dbfb34ab,CNIC_BACK,REJECTED,afadc17b-aeef-46bf-8e24-a9c6922da3c0
9353a9b5-0937-45ce-98d7-1aa630637891,1ed63b1c-e14c-46e9-8da7-3cfd3cb2e65b,PROOF_OF_ADDRESS,APPROVED,afadc17b-aeef-46bf-8e24-a9c6922da3c0
8e820212-748e-432f-991b-6f799741e8e5,1ed63b1c-e14c-46e9-8da7-3cfd3cb2e65b,CNIC_FRONT,REJECTED,d1c2d050-cf9d-4d45-8a8e-5903abe06352
cf9cae17-885a-4da5-b0f2-0514864b69f5,0f3ff99c-6bcc-4579-9788-11a3baf93d77,CNIC_BACK,PENDING,d1c2d050-cf9d-4d45-8a8e-5903abe06352
71bf9869-8fd2-40b0-8a93-a3fad0ed361b,0f3ff99c-6bcc-4579-9788-11a3baf93d77,SELFIE,EXPIRED,d1c2d050-cf9d-4d45-8a8e-5903abe06352
76374b3a-ea48-4b51-af1b-76359d139a1f,0f3ff99c-6bcc-4579-9788-11a3baf93d77,PROOF_OF_ADDRESS,APPROVED,d1c2d050-cf9d-4d45-8a8e-5903abe06352
735362cb-aa0d-4906-8e60-36c150570b1e,90571860-2706-417b-a4f6-1ac855b64ef3,CNIC_BACK,REJECTED,d1c2d050-cf9d-4d45-8a8e-5903abe06352
195ea947-a285-4d75-8eae-92a6f01dbe3e,90571860-2706-417b-a4f6-1ac855b64ef3,CNIC_FRONT,UNDER_REVIEW,d1c2d050-cf9d-4d45-8a8e-5903abe06352
32d324d5-f47e-46d8-be91-bcc94e75de16,4350ceb1-35da-4532-b53c-eea21f9be5a3,SELFIE,EXPIRED,d1c2d050-cf9d-4d45-8a8e-5903abe06352
40aacd7e-26e5-4719-aae7-8ed495a6a80e,4350ceb1-35da-4532-b53c-eea21f9be5a3,SELFIE,PENDING,afadc17b-aeef-46bf-8e24-a9c6922da3c0
5fcda2e6-77b8-4481-ad14-e4be316ec1d5,4350ceb1-35da-4532-b53c-eea21f9be5a3,PROOF_OF_ADDRESS,APPROVED,e1e6fff0-b6d8-48db-89c7-5edec811e4bb
88e74de2-0f85-4ceb-984d-fde6fc76d88d,16d6d76a-d06d-4f5f-9109-f0a56e5ae30a,CNIC_FRONT,EXPIRED,afadc17b-aeef-46bf-8e24-a9c6922da3c0
c0533573-7eee-4676-8f9e-1ec6278f9923,16d6d76a-d06d-4f5f-9109-f0a56e5ae30a,PROOF_OF_ADDRESS,APPROVED,e1e6fff0-b6d8-48db-89c7-5edec811e4bb
44f2eebf-78d3-4684-a24d-f67c3d260e47,16d6d76a-d06d-4f5f-9109-f0a56e5ae30a,SELFIE,UNDER_REVIEW,afadc17b-aeef-46bf-8e24-a9c6922da3c0
c39e60a4-96b1-497e-b02b-51667a4d9e20,ecade717-56b6-4525-8e40-28f73d428999,SELFIE,UNDER_REVIEW,afadc17b-aeef-46bf-8e24-a9c6922da3c0
461909cc-e5ed-4f53-87e0-38cb212caea0,31085da9-bfc4-44bd-80c8-8dc16a164938,CNIC_FRONT,APPROVED,d1c2d050-cf9d-4d45-8a8e-5903abe06352
fdc89513-ffec-4126-9a09-dc7c494f6128,a3867652-8df8-44b6-a11a-05f671a13d34,SELFIE,UNDER_REVIEW,e1e6fff0-b6d8-48db-89c7-5edec811e4bb
0b935e12-f93c-4c7b-a0fd-4e6befd1552a,d7110384-dc32-403f-936b-6e7e5fda3fe5,SELFIE,REJECTED,e1e6fff0-b6d8-48db-89c7-5edec811e4bb
9f2d836c-c70c-43ff-a245-21e6897be7d9,d7110384-dc32-403f-936b-6e7e5fda3fe5,CNIC_BACK,UNDER_REVIEW,afadc17b-aeef-46bf-8e24-a9c6922da3c0
e6371118-ed29-4cdb-950c-a68dcdb44b84,93727c5f-916e-4277-a22b-d2693fb56773,SELFIE,UNDER_REVIEW,d1c2d050-cf9d-4d45-8a8e-5903abe06352
3115b99f-58e2-42f0-92be-a258a327d646,93727c5f-916e-4277-a22b-d2693fb56773,PROOF_OF_ADDRESS,APPROVED,afadc17b-aeef-46bf-8e24-a9c6922da3c0
a9c66650-6837-4d00-8c81-56fb38c86a9a,2fa81437-f059-44a2-8d99-0208348b9d45,CNIC_FRONT,REJECTED,e1e6fff0-b6d8-48db-89c7-5edec811e4bb
d2dc3b21-731f-48ec-aac9-0c89531f661b,2fa81437-f059-44a2-8d99-0208348b9d45,CNIC_BACK,UNDER_REVIEW,afadc17b-aeef-46bf-8e24-a9c6922da3c0
10d24af8-0d1a-4a3b-a2c6-f0ef52c09334,3815b5a4-1ac8-40d8-8dfc-54ac0f583933,PROOF_OF_ADDRESS,EXPIRED,d1c2d050-cf9d-4d45-8a8e-5903abe06352
412924b5-5538-4d0b-ac5e-f397851f2b32,3815b5a4-1ac8-40d8-8dfc-54ac0f583933,CNIC_FRONT,REJECTED,e1e6fff0-b6d8-48db-89c7-5edec811e4bb
e58d9715-fd7b-4709-9ab0-e9c9cd769c4d,3815b5a4-1ac8-40d8-8dfc-54ac0f583933,SELFIE,EXPIRED,e1e6fff0-b6d8-48db-89c7-5edec811e4bb
bdaad074-053b-48d1-8601-58d08eae3c78,8c41d771-1c53-47f0-9b03-437ca554ee2d,SELFIE,APPROVED,afadc17b-aeef-46bf-8e24-a9c6922da3c0
8d32dfc5-cfd4-47b9-8fe3-b3e28e1fc648,8c41d771-1c53-47f0-9b03-437ca554ee2d,PROOF_OF_ADDRESS,APPROVED,e1e6fff0-b6d8-48db-89c7-5edec811e4bb
12e7bf69-3e55-4f3a-915f-c3234b0606e2,b0ba15b3-0cf8-430c-9c24-f1e7a56ed191,CNIC_BACK,REJECTED,e1e6fff0-b6d8-48db-89c7-5edec811e4bb
f70fe254-f8eb-46f5-8d1b-276a56e4c81b,b0ba15b3-0cf8-430c-9c24-f1e7a56ed191,SELFIE,EXPIRED,e1e6fff0-b6d8-48db-89c7-5edec811e4bb
b97bd0b0-c1c9-45e3-8e08-8fa04d0dfb82,b0ba15b3-0cf8-430c-9c24-f1e7a56ed191,CNIC_FRONT,REJECTED,afadc17b-aeef-46bf-8e24-a9c6922da3c0
5b604f73-53dc-472b-a46b-2a08c226265d,84cbf8e8-4655-4b2f-b86b-66700ce088ca,PROOF_OF_ADDRESS,PENDING,e1e6fff0-b6d8-48db-89c7-5edec811e4bb
db86c6e2-26e9-4463-b054-f1ac0294ead6,84cbf8e8-4655-4b2f-b86b-66700ce088ca,CNIC_FRONT,PENDING,d1c2d050-cf9d-4d45-8a8e-5903abe06352
d0416dae-bfa5-4647-ba34-1aacd91664a4,1bd131e8-661d-42d1-87a1-473adbe62c76,CNIC_FRONT,PENDING,e1e6fff0-b6d8-48db-89c7-5edec811e4bb
486857b1-69b1-4ce5-b537-4e3f3fa26c77,1bd131e8-661d-42d1-87a1-473adbe62c76,CNIC_BACK,REJECTED,d1c2d050-cf9d-4d45-8a8e-5903abe06352
54731c09-7104-48f4-b2ec-1186fdcbc08d,a0810b2e-137a-4c5f-84d1-e8ddd5fa9857,PROOF_OF_ADDRESS,EXPIRED,afadc17b-aeef-46bf-8e24-a9c6922da3c0
4dee914b-426b-4615-bca1-55561599fbf7,a0810b2e-137a-4c5f-84d1-e8ddd5fa9857,CNIC_BACK,REJECTED,afadc17b-aeef-46bf-8e24-a9c6922da3c0
e478abf7-9b15-4fb6-9d60-b431ce12f9ff,688e0a6e-2ec3-46d8-9c51-d8b5998d51a5,PROOF_OF_ADDRESS,EXPIRED,d1c2d050-cf9d-4d45-8a8e-5903abe06352
2156a03c-6ab9-4912-8db2-fa68610a8492,0f0de6f9-e422-4c70-91cd-95dfb8a646bf,CNIC_FRONT,APPROVED,e1e6fff0-b6d8-48db-89c7-5edec811e4bb
0e13b50d-cf86-4d8d-b6ff-590fb0137366,0f0de6f9-e422-4c70-91cd-95dfb8a646bf,PROOF_OF_ADDRESS,REJECTED,e1e6fff0-b6d8-48db-89c7-5edec811e4bb
26e861ff-3292-4366-be4f-db5e8adf114b,dde6fddf-d329-423e-b43c-b8301977a710,CNIC_FRONT,APPROVED,afadc17b-aeef-46bf-8e24-a9c6922da3c0
e41ed7a6-ffc4-4db8-aded-9d6bf74ffbd3,dde6fddf-d329-423e-b43c-b8301977a710,SELFIE,PENDING,d1c2d050-cf9d-4d45-8a8e-5903abe06352
10b4eb34-ec54-4a5e-99a3-98db6861f6b7,6810540c-4442-4ccc-aa77-9fc7ca5d6548,CNIC_BACK,PENDING,d1c2d050-cf9d-4d45-8a8e-5903abe06352
59c4393b-e342-481b-8895-42e8c97db37d,6810540c-4442-4ccc-aa77-9fc7ca5d6548,CNIC_FRONT,UNDER_REVIEW,afadc17b-aeef-46bf-8e24-a9c6922da3c0
68c2025b-2a60-4050-98b0-14791f854693,1e8b15ee-2d61-490d-aedd-c752925dfcd0,CNIC_FRONT,PENDING,d1c2d050-cf9d-4d45-8a8e-5903abe06352
086be600-bc2e-4252-a480-9177755d60d8,1e8b15ee-2d61-490d-aedd-c752925dfcd0,CNIC_BACK,UNDER_REVIEW,afadc17b-aeef-46bf-8e24-a9c6922da3c0
82cafcec-001e-454a-92f3-0f7fe4859ce0,1e8b15ee-2d61-490d-aedd-c752925dfcd0,CNIC_BACK,PENDING,afadc17b-aeef-46bf-8e24-a9c6922da3c0
c88b6c40-ee17-4ba6-b29a-78040bfcc66e,c3391703-0ed1-49b0-8c39-ffc48c7c41ef,CNIC_BACK,UNDER_REVIEW,d1c2d050-cf9d-4d45-8a8e-5903abe06352
fcbb3e25-d971-46b4-8c5d-5801d7ca177e,dd7de8ce-9c33-4ec1-afbd-41ee3c05558e,CNIC_FRONT,APPROVED,e1e6fff0-b6d8-48db-89c7-5edec811e4bb
2ed5dba3-a2c5-4073-924c-df4f7523e5c4,f6c9d945-1649-4626-8599-55d7a264b985,SELFIE,UNDER_REVIEW,e1e6fff0-b6d8-48db-89c7-5edec811e4bb
3e5dfb8f-3e00-45a8-86c8-66ec3396c60f,78e0e4d1-3def-4560-a0f6-0cb315558662,CNIC_FRONT,UNDER_REVIEW,e1e6fff0-b6d8-48db-89c7-5edec811e4bb
c98a1d47-e747-4ebd-bac2-a5b7dfc63ada,78e0e4d1-3def-4560-a0f6-0cb315558662,SELFIE,UNDER_REVIEW,afadc17b-aeef-46bf-8e24-a9c6922da3c0
6b64688d-8f33-4038-b0ea-6194391d2a89,78e0e4d1-3def-4560-a0f6-0cb315558662,SELFIE,PENDING,e1e6fff0-b6d8-48db-89c7-5edec811e4bb
0f99323c-0776-4a02-88f0-9a20da899501,1e69ef9f-3859-4ae9-a5f6-650beb8d89d5,CNIC_FRONT,UNDER_REVIEW,afadc17b-aeef-46bf-8e24-a9c6922da3c0
fcc8ef06-1737-4e61-a44f-fb7484db62e5,1e69ef9f-3859-4ae9-a5f6-650beb8d89d5,PROOF_OF_ADDRESS,EXPIRED,e1e6fff0-b6d8-48db-89c7-5edec811e4bb
97327e09-45d1-4cfd-8d2b-1e9371dcfd75,1d924c77-553b-4a91-9077-8b5e20341302,CNIC_FRONT,REJECTED,d1c2d050-cf9d-4d45-8a8e-5903abe06352
a108e107-c02d-4aa6-a7c8-b6c84c3b6542,1d924c77-553b-4a91-9077-8b5e20341302,SELFIE,EXPIRED,afadc17b-aeef-46bf-8e24-a9c6922da3c0
ebc17364-cb42-408b-8085-486a3c5c530b,1d924c77-553b-4a91-9077-8b5e20341302,CNIC_FRONT,REJECTED,afadc17b-aeef-46bf-8e24-a9c6922da3c0
6de9bc0d-25ca-477f-afc1-1d9a3d2ed21b,58be5f8f-f7e7-4849-a42e-225d42b2d707,CNIC_FRONT,EXPIRED,d1c2d050-cf9d-4d45-8a8e-5903abe06352
a137abdd-3d25-45e3-95ff-ae113bfb1841,4c215462-f926-475e-8d84-70dc66dc3a6d,CNIC_FRONT,PENDING,d1c2d050-cf9d-4d45-8a8e-5903abe06352
2580f258-6bc8-4ed8-a493-b49bd0bbdd4f,4c215462-f926-475e-8d84-70dc66dc3a6d,PROOF_OF_ADDRESS,REJECTED,afadc17b-aeef-46bf-8e24-a9c6922da3c0
327a796f-76c6-4b01-b392-f5f0c4526f5f,f049e62a-b9a9-4147-9f6d-0039ff1a1d62,PROOF_OF_ADDRESS,REJECTED,e1e6fff0-b6d8-48db-89c7-5edec811e4bb
cdd49a57-8c33-49ed-b035-6c49249e30ef,93b91c6c-5d85-4d37-96ee-54b962ead0a1,SELFIE,EXPIRED,e1e6fff0-b6d8-48db-89c7-5edec811e4bb
03a7f228-4265-458f-b48a-5ae6fa048886,36e9fa6c-9586-443b-9798-f31b8343d752,CNIC_BACK,APPROVED,afadc17b-aeef-46bf-8e24-a9c6922da3c0
7b6c1b44-ac75-48d9-abe8-98b7f7588d4d,67d7a890-fedf-4ca8-ae03-51128c4dfc22,SELFIE,REJECTED,afadc17b-aeef-46bf-8e24-a9c6922da3c0
eba5b920-54c8-4eca-aa4d-eab8152d7c42,67d7a890-fedf-4ca8-ae03-51128c4dfc22,SELFIE,REJECTED,afadc17b-aeef-46bf-8e24-a9c6922da3c0
9d148af6-0f6d-494c-87c2-f48801d95f9f,67d7a890-fedf-4ca8-ae03-51128c4dfc22,PROOF_OF_ADDRESS,PENDING,afadc17b-aeef-46bf-8e24-a9c6922da3c0
455268c3-63ed-47cf-b70e-0e780272ee0d,c01eaf98-af64-44d3-8d8b-812455ca2330,CNIC_BACK,REJECTED,d1c2d050-cf9d-4d45-8a8e-5903abe06352
224d401d-dd65-4fd6-97e3-244627315dec,813222d9-41d1-463b-9bbd-5a5785795783,PROOF_OF_ADDRESS,APPROVED,d1c2d050-cf9d-4d45-8a8e-5903abe06352
3c5e3545-df56-4f52-a453-5eab5630d35f,59265a90-abaa-4747-a715-23a1c9300962,PROOF_OF_ADDRESS,PENDING,d1c2d050-cf9d-4d45-8a8e-5903abe06352
f9fd7f3c-db9d-4056-951c-448dc218017c,59265a90-abaa-4747-a715-23a1c9300962,PROOF_OF_ADDRESS,APPROVED,afadc17b-aeef-46bf-8e24-a9c6922da3c0
002f203c-7edc-4429-a496-5c6faaa22fec,186ca3d1-e53b-4443-aed3-12994f44bc07,SELFIE,UNDER_REVIEW,afadc17b-aeef-46bf-8e24-a9c6922da3c0
02d3f3e6-eaee-4515-b693-3eae6ac348c8,186ca3d1-e53b-4443-aed3-12994f44bc07,PROOF_OF_ADDRESS,PENDING,e1e6fff0-b6d8-48db-89c7-5edec811e4bb
d9e96c96-481f-4eaf-a690-9b23816fb7e8,101511bd-b966-4f65-b26a-ea6620e0b685,CNIC_FRONT,REJECTED,e1e6fff0-b6d8-48db-89c7-5edec811e4bb
b82bf9fe-0c0a-4228-8a32-77120f108e36,4a50e8ae-85d6-4106-9df9-5b322cbb88d6,SELFIE,UNDER_REVIEW,afadc17b-aeef-46bf-8e24-a9c6922da3c0
88ff20d1-4876-49be-bc1b-86089852c4eb,4a50e8ae-85d6-4106-9df9-5b322cbb88d6,CNIC_FRONT,EXPIRED,afadc17b-aeef-46bf-8e24-a9c6922da3c0
9b0e3caa-3ff1-4720-984d-e3b4df810a77,4a50e8ae-85d6-4106-9df9-5b322cbb88d6,SELFIE,PENDING,d1c2d050-cf9d-4d45-8a8e-5903abe06352
6fd34cd6-990d-45b9-b708-0dd19c0ae13d,2bb6aabf-6e16-4ac9-85f0-426e46054282,PROOF_OF_ADDRESS,PENDING,d1c2d050-cf9d-4d45-8a8e-5903abe06352
5339a2dd-f96a-47f3-b6f0-d8b44f0f56cc,2bb6aabf-6e16-4ac9-85f0-426e46054282,SELFIE,APPROVED,e1e6fff0-b6d8-48db-89c7-5edec811e4bb
9c53de68-e8fc-413d-99a1-085c855321c8,a96c0e6a-8f24-4b8d-aae0-9df39466c3ab,CNIC_BACK,UNDER_REVIEW,afadc17b-aeef-46bf-8e24-a9c6922da3c0
590d1754-65b3-457b-adc8-e983ed6256d7,a96c0e6a-8f24-4b8d-aae0-9df39466c3ab,PROOF_OF_ADDRESS,UNDER_REVIEW,e1e6fff0-b6d8-48db-89c7-5edec811e4bb
d37650c1-b970-492b-82b2-51a38b307cff,a96c0e6a-8f24-4b8d-aae0-9df39466c3ab,SELFIE,EXPIRED,d1c2d050-cf9d-4d45-8a8e-5903abe06352
69f7f7e4-e8ed-4418-91ef-6f5ca478a258,12a71b02-d2cc-49ab-9b4e-5c03ed1c9201,SELFIE,EXPIRED,e1e6fff0-b6d8-48db-89c7-5edec811e4bb
9afa16c0-ccfa-4969-be12-d45be71a63ee,6c53df5e-62e7-4528-a90b-f9b5e6b9c7a1,CNIC_FRONT,EXPIRED,afadc17b-aeef-46bf-8e24-a9c6922da3c0
91d924dc-ae90-4c51-bada-089ee7c64b12,6c53df5e-62e7-4528-a90b-f9b5e6b9c7a1,SELFIE,PENDING,e1e6fff0-b6d8-48db-89c7-5edec811e4bb
d2432ef4-c9d9-420d-a192-78912d73b711,09fb571c-12e0-4fd0-b8aa-1694c3d46033,SELFIE,APPROVED,d1c2d050-cf9d-4d45-8a8e-5903abe06352
ee875e9c-8469-4d7f-8808-81b6934ffc7f,09fb571c-12e0-4fd0-b8aa-1694c3d46033,CNIC_FRONT,UNDER_REVIEW,e1e6fff0-b6d8-48db-89c7-5edec811e4bb
248c444f-c6a6-439c-bcc6-5ad1a7d318df,aadd264b-408c-4ed7-be60-b98b27658bbb,PROOF_OF_ADDRESS,PENDING,e1e6fff0-b6d8-48db-89c7-5edec811e4bb
0d4563e9-b497-4611-80e5-5b7a87c683fe,aadd264b-408c-4ed7-be60-b98b27658bbb,CNIC_FRONT,PENDING,afadc17b-aeef-46bf-8e24-a9c6922da3c0
1b5c92f7-c46f-4cae-8abd-9eac830cf406,aadd264b-408c-4ed7-be60-b98b27658bbb,CNIC_BACK,REJECTED,d1c2d050-cf9d-4d45-8a8e-5903abe06352
846db5c0-b154-41f3-a9bb-8a4cccc05556,f25377bb-3dee-427d-b121-8f49365ef9a7,SELFIE,UNDER_REVIEW,d1c2d050-cf9d-4d45-8a8e-5903abe06352
f2d108e6-a7c5-442f-828e-ecbf38365005,f25377bb-3dee-427d-b121-8f49365ef9a7,SELFIE,APPROVED,afadc17b-aeef-46bf-8e24-a9c6922da3c0
9d7cd541-22bc-43c8-a190-631137009293,289f1a24-a139-46cd-a89c-e00f41f16d03,CNIC_FRONT,PENDING,e1e6fff0-b6d8-48db-89c7-5edec811e4bb
5233ebd3-ea43-4ec2-be91-cb20194f2995,289f1a24-a139-46cd-a89c-e00f41f16d03,CNIC_BACK,EXPIRED,e1e6fff0-b6d8-48db-89c7-5edec811e4bb
ddbdb42b-c4cb-493e-bec9-4253d119b2a6,289f1a24-a139-46cd-a89c-e00f41f16d03,CNIC_FRONT,APPROVED,d1c2d050-cf9d-4d45-8a8e-5903abe06352
c91212dc-cb92-48d5-ae49-c91eee3ea265,5d87bb33-5ce5-4a48-8c61-52da3c027687,PROOF_OF_ADDRESS,REJECTED,afadc17b-aeef-46bf-8e24-a9c6922da3c0
d1585690-4703-4fb7-b806-8f30eabbe6e2,5d87bb33-5ce5-4a48-8c61-52da3c027687,PROOF_OF_ADDRESS,REJECTED,d1c2d050-cf9d-4d45-8a8e-5903abe06352
ddb7c08d-c028-4b5d-9df6-55374c758cdd,5d87bb33-5ce5-4a48-8c61-52da3c027687,CNIC_BACK,EXPIRED,e1e6fff0-b6d8-48db-89c7-5edec811e4bb
d7e32094-c5af-44ae-80ee-45641efdeb1c,d1f13bee-3867-42e0-8bd2-a7c71b9d0bb2,PROOF_OF_ADDRESS,PENDING,d1c2d050-cf9d-4d45-8a8e-5903abe06352
e18309b2-7a26-41a3-bad1-14aafadc0c78,d1f13bee-3867-42e0-8bd2-a7c71b9d0bb2,PROOF_OF_ADDRESS,EXPIRED,afadc17b-aeef-46bf-8e24-a9c6922da3c0
7e867f87-c4a5-4a6d-874a-21dd14d56554,367b509a-477e-4452-a0a0-dd186d0f3fb2,CNIC_FRONT,UNDER_REVIEW,d1c2d050-cf9d-4d45-8a8e-5903abe06352
cec672d5-632d-4dbe-8ecc-dbbeb9127a9b,367b509a-477e-4452-a0a0-dd186d0f3fb2,CNIC_FRONT,PENDING,e1e6fff0-b6d8-48db-89c7-5edec811e4bb
ff909d4f-a4ba-4cae-931f-6327796746bd,3b32de10-bd5c-4ccf-9d77-4d6e6120cdc7,CNIC_BACK,UNDER_REVIEW,d1c2d050-cf9d-4d45-8a8e-5903abe06352
8cc3e60a-c320-4dca-ab32-4470a595b603,3b32de10-bd5c-4ccf-9d77-4d6e6120cdc7,SELFIE,APPROVED,e1e6fff0-b6d8-48db-89c7-5edec811e4bb
2eeb19be-c990-46d5-9356-a7c3d7c9aaeb,32beed40-a8b3-44b2-9a6a-126ba2efdd48,PROOF_OF_ADDRESS,REJECTED,e1e6fff0-b6d8-48db-89c7-5edec811e4bb
5aee6238-e570-4054-9ab5-a80588eed86a,6ada03ff-2bb8-456f-bdeb-99f04e6e979a,PROOF_OF_ADDRESS,EXPIRED,afadc17b-aeef-46bf-8e24-a9c6922da3c0
64f745db-ebfe-44a2-b3bb-a51d92650ecb,222b7090-8651-479a-b3f2-d42dc1399c9d,SELFIE,PENDING,d1c2d050-cf9d-4d45-8a8e-5903abe06352
e4586473-fb98-4dcb-9e6f-9c713a0b1c7f,0c76c53f-f912-455b-b95c-efbbefb24aed,CNIC_FRONT,REJECTED,e1e6fff0-b6d8-48db-89c7-5edec811e4bb
4c18af56-27fe-4a6c-a67a-931c59d797d7,0c76c53f-f912-455b-b95c-efbbefb24aed,PROOF_OF_ADDRESS,PENDING,d1c2d050-cf9d-4d45-8a8e-5903abe06352
1fca614b-67e1-4d21-b341-8d0ef6572076,0c76c53f-f912-455b-b95c-efbbefb24aed,PROOF_OF_ADDRESS,EXPIRED,d1c2d050-cf9d-4d45-8a8e-5903abe06352
